{"auc_avg_final": 0.9039087268356034, "auc_std_final": 0.0034060701659027947, "auc_min_avg_final": 0.8775924137534605, "auc_min_std_final": 0.0036202224849687654, "auc_macro_avg_final": 0.9138269003767661, "auc_macro_std_final": 0.002841464193456438, "auc_auc_minority_avg": 0.9498258656486506, "auc_auc_minority_std": 0.0018833515392908046, "tn": 11929.8, "fp": 505.2, "fn": 2002.7, "tp": 1843.3, "posnegs_avg": [11929.8, 505.2, 2002.7, 1843.3], "acc_avg": [0.8558727692895411, 0.8696193435192171, 0.8762403248844068, 0.8810866991977628, 0.8840599510590799, 0.8867457623113932, 0.8880028430731117, 0.88880461708215, 0.8903458148780313, 0.890627570177194, 0.8923892331648233, 0.8923728055676309, 0.893181192225574, 0.8936323714307639, 0.8944521537998632, 0.8947998066283729, 0.894890185072622, 0.8954745142761078, 0.8959976945117211, 0.8959199255786878, 0.8954781284938573, 0.896628852769712, 0.8973936262637479, 0.89759953003669, 0.8977454087307037, 0.8974792394188731, 0.8981685220766289, 0.8982354462654583, 0.8978535519386195, 0.8985515685203203, 0.8986616239076584, 0.8991829191462793, 0.8992312955083541, 0.8987166401010684, 0.8995793947560073, 0.8995188406651666, 0.9000518358490673, 0.8996414877905933, 0.9000776957495672, 0.9000094312578291, 0.9005987254367536, 0.9007453286470823, 0.9008414593117703, 0.9012953243501673, 0.9009502893987895, 0.9008265434758925, 0.9012836693604456, 0.900968803770245, 0.9007422695781978, 0.9015959358921201, 0.9007281660787945, 0.9007595272849915, 0.900852972116472, 0.9013365276870825, 0.9010272993147309, 0.9012266228485888, 0.9021360852825749, 0.9017653671164941, 0.9021712896662228, 0.901543492620284, 0.9019566749698538, 0.9015830252832149, 0.9020356827944207, 0.9021476775436117, 0.9020163592229256, 0.9023802169617946, 0.902346146921872, 0.9027540527435333, 0.9024116785338885, 0.902240561998837, 0.9027317924240894, 0.9028905158618888, 0.9033438309788121, 0.9034535424038592, 0.9034837222198175, 0.902790654931384, 0.9028358394488574, 0.903049222572039, 0.9035919856577135, 0.9025876419053546, 0.9032404426052393, 0.9031642784810708, 0.9034420191443765, 0.9033228032780338, 0.9032780118603215, 0.903423648003419, 0.9031856334164907, 0.9034813061199569, 0.9028715540258119, 0.9030984332256281, 0.9034976270783843, 0.9034999553580855, 0.9037036134440954, 0.9036397660972785, 0.9036037817869772, 0.903315476567595, 0.9035822167104618, 0.9040540022887609, 0.9042080639397672, 0.9042207069062819, 0.9043328992508313, 0.9038329150375507, 0.9031269371402117, 0.9034498058651736, 0.9034687990655936, 0.9035551754197229, 0.9039644989096709, 0.9043505092837408, 0.9039475830742116, 0.9036434336344101, 0.904043388595214, 0.904373217067806, 0.9042570508610455, 0.9040506525769677, 0.9043290738465084, 0.9040062406678013, 0.9039009683427144, 0.904030015884994, 0.9043853372952771, 0.9039722877214244, 0.9039010007525349, 0.9045162321973377, 0.9043499217250556, 0.9041581664070744, 0.9043489055203542, 0.9045569744784162, 0.9041681298132505, 0.9038257326030879, 0.9045241558757645, 0.9045078704635922, 0.9044516456975128, 0.9045141286954251, 0.9045448814333754, 0.9046477972508526, 0.9038370509488655, 0.9042256196078162, 0.9036905083762659, 0.9040118925223434, 0.9039220911819987, 0.9038295287340243, 0.904148102635002, 0.9041971899221766, 0.9043807256914322, 0.9042127257265603, 0.9044806535325345, 0.9039663013138941, 0.9040647268029846, 0.9041361538659375, 0.9042870278542544, 0.9038460002412965, 0.9040478569685609, 0.9041889797827538, 0.9040334900086796, 0.9030959836704685, 0.9033969548568835, 0.9038896698610206, 0.9040963817885246, 0.9039911680102106, 0.904038801037365, 0.9042372808704066, 0.9039474722535342, 0.9042824267051903, 0.9042285751743702, 0.9037151178849727, 0.904146623283508, 0.9034709433411514, 0.9038496050497429, 0.9035289611021513, 0.9036797974532572, 0.9040086724498332, 0.9035452465143237, 0.9038581601969347, 0.9043109473474236, 0.9041743399530915, 0.9041404424170534, 0.904198612817854, 0.9039717984376795, 0.9045702760961263, 0.9042165908590505, 0.903672370376922, 0.9041059175941625, 0.9039591836990729, 0.9038713102203217, 0.9038903933318572, 0.9037083442324422, 0.9038137001957762, 0.9037214691643557, 0.9040203243031207, 0.9041293561674111, 0.9041615056640865, 0.9039262270933138, 0.9035378894850205, 0.9036903850098514, 0.9038435830959575, 0.9037187059657696, 0.9038174273251588, 0.9038369997204392, 0.9039087268356034, 0.9039087268356034]}